age,gender,platform/name,product,rating,text,polarity,class
[20-30),female,Noon,Earphones,1,ุงูููุชุฌ ุบูุฑ ุฃุตูู ูุชุฎุฑุจ ุนูุทูู,negative,deceptive
[20-30),female,Noon,Camera,1,ููุงุณู ูุงูุตูุชูู ูู ูุญุชููุงุช ุงูููุชุฌ ูุทูุน ูุงูุต ,negative,deceptive
[20-30),female,Noon,Camera,1,ุงููุงููุฑุง ูุตูุชูู ููููุง ูุดุงูู ูุงุชุชุตู ุจุงูุฌูุงู ููุง ุณูููุง ุดุญู ุงูู ุงุณุจูุน ูุจุนุฏูุง ุฎุฑุจ ูุฌุฃู,negative,deceptive
[20-30),female,namshi,Sports Shoes,1,ุงูููุชุฌ ูู ููุณ ุงูุตูุฑู ููุงูู ูุฑูุญู ูุงุณูู ูุงุชููุน ูุง ูุดู ุงู ุฑูุงุถู,negative,deceptive
[20-30),female,namshi,Sports Shoes,1,ุงูุฌุฒูู -ุงุนุฒูู ุงููู- ุบูุฑ ูุฑูุญู  ูุชุฌุฑุญ ุงุซูุงุก ุงููุดู,negative,deceptive
[20-30),female,Amazon,Perfume,1,ุงูููุชุฌ ุบูุฑ ุฃุตูู,negative,deceptive
[20-30),female,Amazon,Perfume,1,ุงุฎุชูุงุฑ ุบูุฑ ููููุ ูุฃูู ุฑูุญุฉ ุฏูุงุก,negative,deceptive
[20-30),female,Amazon,Watch,2,ุญุฌููุง ูุจูุฑ ุจุงููุงูุน ูุชุดูู ุงููุฏ ูุฃูุจุฑ ูู ุงููุนุตู ูููููุง ูุฎุชูู ุจูู ูุจูุญ,negative,deceptive
[20-30),female,Amazon,Watch,2,ุงูุณุงุนุฉ ุชุนูู ุจุนุฏ ุซุงูู ุงุณุชุฎุฏุงู ูุงุฑุฌุน ุงุถุจุท ููุชูุง ูุฏุฑู ุฎุฑุจุงูู ููุง ุตูุงุนุชูุง ุฎุงูุณุฉ,negative,deceptive
[20-30),female,Amazon,Watch,1,ุงูุณุงุนุฉ ูุง ุชุนูู ุจุดูู ุตุญูุญ ูุงูุฌูุฏ ูุคุฐู ุงููุฏ,negative,deceptive
[20-30),female,Amazon,Building Sets,2,ุญุฌููุง ุตุบูุฑ ูุชุฏุฎู ูู ููุงู ูุตุนุจ ุชุญุตููุง ุญูุณุฉ ูุฑุฉ ููุง ูุนูุง ุนูุจุฉ ุชุฌููุน ููุท ููุณ ูููุทูุน,negative,deceptive
[20-30),female,Amazon,Building Sets,1,ุบูุฑ ุนูููุฉ ุชูุตู ุจููุฉ ูุตุนุจ ูููุง ูุงูุฃุทูุงู ูุง ุญุจููุง,negative,deceptive
[20-30),female,Amazon,Microwave Ovens,1,ุงูููุชุฌ ูุตููู ุฎุฑุจุงู ูุง ูุนูู ! ููุง ููุฌุฏ ุฃู ุชุฌุงูุจ !,negative,deceptive
[20-30),female,Amazon,Microwave Ovens,1,ุตูุชู ูุฒุนุฌ ุฌุฏูุง ูุฏูุช ุนูู ุดุฑุงุฆู,negative,deceptive
[20-30),female,Amazon,Watch,1,ููุช ุจุดุชุฑููุง ูุงุฎูู ูุฏูุฉ ูุชูุดูุช ุฌุงูู ุงูุณูุงุฑ ุญู ุงูุณุงุนู ูุชุดูู ูุงูุณุงุนู ููุณูุฑุฉ ,negative,deceptive
[20-30),female,namshi,Necklaces,1,ูุตูุชูู ุงูููุงุฏุฉ ุจุชุตููู ูุฎุชูู ูููู ุจุงูุช! ,negative,deceptive
[20-30),female,aliexpress,coat,1,ุงูููุชุฌ ูุฎุชูู ุนู ุงูุตูุฑุฉ ูููุงุดู ุณูุก,negative,deceptive
[20-30),female,namshi,Necklaces,1,ุฌูุฏุชูุง ุณูุฆุฉ ูุง ุชุณุชุญู ูุฐุง ุงูุณุนุฑ,negative,deceptive
[20-30),female,Amazon,Building Sets,2,ุจูุตู ุงูููุชุฌ ููุชูุจ ุงูู ุงููุนุจู ูุบูุงุทูุณูู ููู ุจุนุถ ุงููุทุน ูุตูุช ุจุฏูู ูุบูุงุทูุณ ูุตุฑุงุญุฉ ุฃููุงููุง ุณูุฆุฉ ููุฒุนุฌุฉ ููุนูู,negative,deceptive
[20-30),female,Amazon,Building Sets,1,ุงููุนุจู ุตุนุจู ุนูู ุงูุงุทูุงู ููุฒู ุงููุทุน ุซููู ุนูู ูุฏููู,negative,deceptive
[20-30),female,Noon,Camera,1,ุฌูุฏุชูุง ุฎุฑุงุจูุท ุชููุณุฑ ุจุณูููุฉ ูุซูููุฉ ูุง ุญุจูุชูุง ููุง ุฃูุตุญ ูููุง ,negative,deceptive
[20-30),female,Noon,Camera,1,ูุจูุญ ุดูููุง ูุจููุชูุง ุชุชูุดุน ูุชุชูุฎุด ุจุณุฑุนุฉ ูุง ุฃุนุฌุจุชูู ุฃุจุฏูุง ููู ุดุฑูุงุช ุฃุญุณู,negative,deceptive
[20-30),female,namshi,Sports Shoes,1,ุบูุฑ ูุฑูุญ ููุงุฆููุง ูุฒุนุฌ ุงููุดู ููู ูุซููู ูุฑุฉ ูุฃูู ุจูู,negative,deceptive
[20-30),female,Noon,Earphones,1,ุงูุณูุงุนุฉ ุฎุฑุจุงูุฉุ ุงุณูุก ุณูุงุนุฉ ุดุฑูุชูุง,negative,deceptive
[20-30),female,Amazon,smart phone,1,ุงูุฌูุงู ูุงูู ููุณ ุงูุตูุฑู ููุง ููุณ ุงูููุงุตูุงุช ูุงุฎุณุงุฑู ุงููููุณ,negative,deceptive
[20-30),female,namshi,Sports Shoes,1,ุตุนุจ ุงุฑุชุฏุงุฆู ูุงูุฎููุท ุชูู ุจุณูููุฉ ุฎูุงู ุงููุดู ูุญุฌูู ูุจูุฑ ุนูู ููุงุณู ,negative,deceptive
[20-30),female,Amazon,smart phone,1,ุงูุจุทุงุฑูุฉ ุชุฎูุต ุจุณุฑุนุฉ ูุงูุดุงุญู ุจุทูุฆ! ุฃุณูุฃ ุฌูุงู ุนูู ุงูุฅุทูุงู,negative,deceptive
[20-30),female,Amazon,smart phone,1,ุญุฌูู ูุจูุฑ ุนูู ุงููุฏ ูุซููู ููุทูุญ ุจุณูููุฉ ููููุณุฑ ุจุณุฑุนุฉ,negative,deceptive
[20-30),female,Amazon,smart phone,2,ูุง ูุนู ููุญูุงุช ูุงููุฉ ุดุงุญู ุซูุงุฆู ุฎุฑุจุงู ูุจุฏูู ุณูุงุนุงุช ุญุฑุงููุฉ ุงูุดุฑูุฉ ูุฐู ูููุณ ุนูู ุงูุด,negative,deceptive
[20-30),female,namshi,Necklaces,1,ุงุณูุก ููุงุฏุฉ ุณุจุจุช ูู ุญุณุงุณูุฉ,negative,deceptive
[20-30),female,aliexpress,coat,2,ููุงุด ุงููุนุทู ุณูุก ูู ุงูู ุบุณูู ููุด,negative,deceptive
[20-30),female,Amazon,Microwave Ovens,2,ูุง ุงูุตุญ ููู ุงูุจุฏุงุฆู ูุซูููุฑุฉ ูุจุณุนุฑ ุงูุถู,negative,deceptive
[20-30),female,Amazon,Perfume,2,ุณูุก ุงูุนุทุฑ ูุง ุงูุตุญ ููู,negative,deceptive
less then 20,female,Seller,ุญููุจุฉ ููุงุดูุฉ ููููุฉ,1,ุงูุญููุจุฉ ุณูุฆุฉ ุฌุฏุง ุงุดุชุฑูุชูุง ูุงุณุชุนููุชูุง ูุฑุฉ ูุงุญุฏุฉ ุชูุฒูุช ุจุณุจุจ ุงูุฎูุงุทุฉ ุงูุณูุฆุฉ ููุช ุจุฎูุงุทุชูุง ุจููุณู ูุฑุฉ ุงุฎุฑู ูุงุญูุง ููุช ุจุบุณููุง ููู ุงูุทุจุงุนุฉ ุงูุชู ูุงูุช ุนูููุง ุงุฎุชูุช ูุชุดููุช ุงุตุจุญุช ูุจูุญุฉ ููุง ูููู ุงุณุชุฎุฏุงููุง,negative,deceptive
less then 20,female,Seller,ูุทุงุฑุฉ ูุงุก,1,ุจุนุฏ ูุชุฑุฉ ุงุณุจูุน ูู ุงุณุชุฎุฏุงููุง ุงุตุจุญ ุทุนู ุงููุงุก ูููุง ุณูุฆุง ุฌุฏุง ููุฑุง ู ุชุบูุฑ ููููุง ุงูู ููู ูุงุฆู ููุฃุตูุฑ ูู ุงุนุฏ ุงุณุชุฎุฏููุง ุจุนุฏ ุงุณุจูุนูู ููุท ูู ุดุฑุงุฆูุง ูุง ุชุณุชุญู ุณุนุฑูุง ุงุจุฏุง,negative,deceptive
[20-30),female,Seller,ูุฑูู ุชูุดูุฑ,1,ูุงููู ููู ุงู ูุชูุฌุฉ ุชูุฐูุฑ ุ ููุณู ููุณ ุงู ูุฑูู ุจุฎูุณูู ุฑูุงู ููุง ูุณูู ุณุนุฑู,negative,deceptive
[20-30),female,Seller,ุนุทุฑ,1,ุงูุฑูุญุฉ ุงุจุฏ ูู ุซุงุจุชู ููุตููู ููุณูุฑ,negative,deceptive
less then 23,female,Seller,ูุฏ ุณููู,2,ุชูุตูู ุฌุงูู ุจุนุฏ ุงุณุจูุนูู ู ุงูุชุบููู ุณู ุฌุฏุง ุฒูู ูุง ุงููุณุฑ ๐,negative,deceptive
less then 24,female,Seller,ูุตูุงุช,1,ุตูุบูุง ุถุนูู ุฎูู ูููู ุชุทูุน ูู ููุงููุง,negative,deceptive
less then 25,female,Seller,ููุจูุฑุฏ ุงููุงู,3,ุฌุงู ููู ูุงุญุฏ ุฒู ููุณ ูุฒุญ ูุงูุชุบูุฑ,negative,deceptive
[20-30),female,Seller,ุงูู ูููุฉ ุจุฑููู,1,ุงุดุชุฑูุช ุงูุงูู ููุงู ุจูุง ูุฐุงู ุณูุก ุ ููุฃู ุดุฎุต ูุฏ ุงุดุชุฑุงูุง ูุงุนุงุฏูุง ูุบุฑุถ ูุง ุ,negative,deceptive
[20-30),female,Seller,ุงูู ูููุฉ - ูููุง ุณููููููู ุฃุจูุง ูุงูู,1,ุงุดุชุฑูุช ูุฐุง ุงูููุชุฌ ููุงู ุจู ุนูุจ ูุตูุนู ููู ุชุนูุถููู ุ ูุน ุงููู ุฐูุฑุชู ุงูู ุณูุชู ุชุนููุถ ุงูุนููู ุนูุฏ ูุฌูุฏ ุนูุจ ูุตูุนู ููู ุชู ุชุฌุงููู ูุฑุงุฑุงู ูุชูุฑุงุฑุงู !,negative,deceptive
[20-30),female,Seller,ุงูู ูููุฉ - Nespresso Inissia Coffee,1,ููุฏ ุงุดุชุฑูุช ูุฐุง ุงูููุชุฌ ูููู ูุจุฏู ุงู ุฌูุฏุชู ุฑุฏูุฆู ููุง ุงุถููุง ูุฏ ุชุณุชูุฑ ูุนู ูุฃุนูุงู,negative,deceptive
[20-30),female,Seller,ุจุงูุฉ ุฒููุฑ,2,ูุตูุชูู ุงูุจุงูู ุบูุฑ ุนู ุงูู ุทูุจุช ูุงููุฑุฏ ุฐุงุงุงุงุจู !!,negative,deceptive
[20-30),female,Seller,ุญูู,3,ุชุบูุฑ ูููู ุจุนุฏ ุซูุงุซ ุงุณุงุจูุน ๐,negative,deceptive
[20-30),female,Seller,ุนุจุงูู,1,ุชุนุงูููู ุณูุก ูุงูุชูุตูู ุชุฃุฎุฑ ุงูุซุฑ ูู ุดูุฑ ูุงูุฎูุงุทุฉ ูู ุงุณูุก ูุง ูููู,negative,deceptive
[20-30),female,Seller,ุนูุฏ ูุทูู ุฐูุจ,2,ุดูู ุงูููุชุฌ ุฌููู ูููู ุจุณุฑุนู ูุชุบูุฑ ูููู,negative,deceptive
[20-30),female,aliexpress,coat,1,ุณูุฆ ุณูุฆ ุฌุฏุง ูุง ุงุญุฏ ูุทูุจู ูุตูุญุฉ ุดููู ุบูุฑ ุชูุงูุง ุนู ุงูุตูุฑุฉ ููุงูุฏูู ูุง ููู ุฃู ูุงูุฏุฉ ุญุชู ุดููู ูู ุญูู,negative,deceptive
[20-30),female,Noon,Earphones,1,ุงูุณูุงุนุฉ ูุตูุช ุบูุฑ ุงูููู ุงููู ุงุจูู ูุตูุชูุง ูุงุทู ุฌุฏุง ูุง ุงุณูุน ูููุง ุดู ูุฏูุช ุงูู ุฎุฐูุชูุง ููุฃุณู,negative,deceptive
[20-30),female,Noon,Earphones,1,ุงูุดุญู ุญู ุงูุณูุงุนุฉ ูุฃุฎุฐ ููุช ุทููู ุนูู ูุง ูุดุญู ูุฑู ูููู ูุฐุง ูุฎูุต ุจุณุฑุนุฉ ูุง ุงูุตุญูู ุชุงุฎุฐูููุง,negative,deceptive
[20-30),female,Amazon,Perfume,1,ุงูุนุทุฑ ุฌุงูู ููุณูุฑ ูุงุถุญ ุงููู ูุงููุชููู ุจุงูุชุบููู ุงุจุฏุง ุชูุงุตูุช ูุนูู ููุงููุง ูุญูุง ูู ูุณุคูููู ุนู ุงูุดุญู ุณูุงูุงุช ุงุฌู ูู ูุณุคูู ุงูู ูุงุฎุฑ ูุฑุฉ ุงุดุชุฑู ูู ุนูุฏูู,negative,deceptive
[20-30),female,namshi,Necklaces,1,ุงูููุงุฏุฉ ุทูุนุช ูุฑุฉ ูุจูุฑุฉ ูู ุฒู ุงูุตูุฑุฉ ุดูููุง ูุฑู ุจุดุน ูุง ุฌุงุฒุช ูู ุงุจุฏ ุงูุตุญูู ูุง ุชุงุฎุฐูููุง ูุง ุฑุงุญ ุชุนุฌุจูู ,negative,deceptive
[20-30),female,Amazon,Perfume,1,ุฑูุญุฉ ุงูุนุทุฑ ุชุตุฏุน ุงูุฑุงุณ ูุฏูุช ุงูู ุงุฎุฐุชู ุฑูุญุชู ูุฑู ูู ููุจููุฉ ูุงุนุฌุจ ููุง ุงุญุฏ ูู ุงููู,negative,deceptive
[20-30),female,aliexpress,coat,1,ูู ููุณ ุงูุตูุฑุฉ ุงุจุฏุง ูููุงุณู ูุฑู ุตุบูุฑ ุนูู ูุน ุงูู ุชุงูุฏุช ูู ูุงุฆูุฉ ุงูููุงุณุงุช ุจุงููููุน ุญุณุงูุฉ ุงููููุณ ุนููู ูุง ูุณุชุงูู ุงุจุฏุง,negative,deceptive
[20-30),female,Amazon,Microwave Ovens,1,ุงูุฌูุงุฒ ูุง ูุนูู ุจุดูู ุฌูุฏ ุงูู ูุญุชุงุฌ ููุชุง ุทูููุง ุญุชู ูุณุฎู ุงูุทุนุงู ููุฐูู ุงูุจุงุจ ูุตุฏุฑ ุตูุชุง ูุฒุนุฌุง ูู ูุนุฌุจูู ุฐูู ุงุจุฏุง,negative,deceptive
[20-30),female,Al Majlis Al Khaleeji,,1,ุงุฐุง ุงูุช ุฌูุนุงู ูุตูุญู ูุงุชุฌู ูุงููู ุจููุทุนููู ุณุงุนุฉ ุทูุจุช ูููู ููุฑ ููุฏู ุงูููุฏู ูุงู ุบุฑูุจ ูุง ุฑูุญุฉ ููุฏู ู ูุง ุทุนู  ุงููุญู ุทุนูู ุณูุฆ ุฎุณุงุฑุฉ ูููุณ ุบูุฑ ุชุฃุฎูุฑ ุงูุทูุจ ูู ูู ุตูุฑ ุนุทูุชู ูุง ูุณุชุงูู ุญุชู ูุฌูุฉ,negative,deceptive
[20-30),female,Al Majlis Al Khaleeji,,1,ุงููุฑ ุงููููุงุช ูุฑุฉ ููููุฉ ูุงููุง ุจูุงูุง ูุฃุณุนุงุฑ ุงูุงุทุจุงู ูุฑุฉ ุบุงููุฉ ุฑุญุช ุงูุทุฑ ููู ุงููุจุฏุฉ ูู ุงุณูุก ูุงูููู ูุจุงูู ุงูุฃุตูุงู ุงูู ูู ุนุงุฏูุฉ ุบูุฑ ุงู ุฑูุญุฉ ุงูููุงู ุชุณุฏ ุงูููุณ ูุชุนุงูู ุงูููุธููู ูุงููู ูุบุตูุจูู ูุฎุฏูููู ูููุดุฑูู ูู ุงุณูุก ุงููุทุงุนู ุงููู ุฌุฑุจุชูุง,negative,deceptive
[20-30),female,Al Majlis Al Khaleeji,,1,ุฎุฐูุช ูุฌุจูุณ ูููุชู ูุฎุฐูุช ุฏุฌุงุฌ ูุงุจูู ููููุฎูู ุงูุงูู ูุงูู ูุฌูุฏ ูู ุทุงุฒุฌ ุงุจุฏุง ูุฑูุญุชู ุฒูุฑ ุงููู ููุฑู ุงููุนูุฉ ูุงูุฃุณุนุงุฑ ูุจุงูุบ ูููุง ุนูู ุงููููุงุช ุงููู ุชูุฏู ุตูุฑ ูู ุนุดุฑุฉ ูู ูุฏ ุงูุชููุน ูุณุชุญูู ุงุฌู ูุฑุฉ ุซุงููุฉ,negative,deceptive
[20-30),female,Al Majlis Al Khaleeji,,1,ุชููุนุช ุงููู ุฌูุฏุฉ ุงูู ูููุณุฉ ุนูู ูุงูุงุณุนุงุฑ ุงูุบุงููุฉ ููู ูุง ุฌูุฏุฉ ููุง ุทุนู ุญุฑููุง ููุงุดู ูุณุชุญู ุงูู ุงุดูุฏ ุจู ูุฑุงุฆุญุฉ ุงูููุงู ุณูุฆุฉ ุจุดูู ูุฒุนุฌ ูุงูููุธููู ูุง ูุนุฑููู ูุชุนุงูููู ูุน ุงูุฒุจุงูู ูุงุฒุนุงุฌ ุงุทูุงู,negative,deceptive
[20-30),female,Al Majlis Al Khaleeji,,2,ุงููุทุนู ุบูุฑ ูุธูู ุฃุจุฏูุงุ ุงููุฑุดุฉ ูุตุฎุฉุ ูุงูุฃูู ูุตู ุจุงุฑุฏ ูุทุนูู ูุฃูู ุจุงูุช ,negative,deceptive
[20-30),female,Al Majlis Al Khaleeji,,1,ุฑูุญุฉ ููู ุงูุณูุจูุณุฉ ูุตูุช ุนูุฏูุ ูุง ููุช ูู ุชูุชุจููู ูุฑุงุฆุญุฉ ุงูููุงู,negative,deceptive
[20-30),female,Al Majlis Al Khaleeji,,1,ุชุฌุฑุจุชู ูุน ุงููุทุนู ูุงูุช ูุฌุจุฉ ุบุฏุงุก ุทูุจุช ุณูุฉ ุงูููููู ููุงู ุงูุทุนู ุบูุฑ ููุจูู ููุงุญุธ ุฃู ุงูููููู ุงููููู ูุฃูู ูุฑุชูู ูุง ุฃุชููุน ุงูู ุจูุฑุฑ ุงูุชุฌุฑุจุฉ,negative,deceptive
[20-30),female,Almajlis Alkhaeeji,,1,ูููุฉ ุงูุฃูู ููููุฉ ุฌุฏูุง ูุงูููุฏู ููุฏู ุจุงูุงุณู ุจุณ.,negative,deceptive
[20-30),female,Almajlis Alkhaeeji,,1,ุฒุฑุช ุงููุทุนู ูุชูุงูู ูุฌุจุฉ ุงููุทูุฑ ุทูุจู ูุงู ุตุญู ูุจุฏุฉ ูููู ูุดุงู ููุฌู ูุนูุง ุฎุจุฒ ุชููุณ ููุฃุณู ุฑุบู ูุฒุงุนู ุงููุทุนู ุจุฃู ุงููุจุฏุฉ ุทุงุฒุฌุฉ ุฅูุง ุฃู ุทุนููุง ุทุนู ูุญู ูุฌูุฏ! ูุฐุง ุบูุฑ ููู ุงูุจูุถ ุงููุชุบูุฑ ูุง ุฑุญ ุฃูุฑุฑ ุงูุชุฌุฑุจุฉ.,negative,deceptive
[20-30),female,Almajlis Alkhaeeji,,2, ุงูุฌูุณุงุช ุบูุฑ ูุฑูุญุฉ ุฃุจุฏุง ููุญุชุงุฌ ุฅูู ุงูุงูุชูุงู ุจุงููุธุงูุฉ ูุงู ุทูุจู ูุต ุดูุงูุฉ ูุฌุฑูุด ููุถุบูุท ูุญู ุงูุฌุฑูุด ูุฃูู ุฎุฑุจุงู ูุง ุฃุนุฌุจููุ ุฃูุง ูุถุบูุท ุงููุญู ูุฃุนุชูุฏ ุฃู ุงููุญู ุบูุฑ ุทุงุฒุฌ ุฃู ูุณุชูุฑุฏ ููููุฉ ุงูุฑุฒ ุงูููููุฉ ุฌุฏูุง,negative,deceptive
[20-30),female,Almajlis Alkhaeeji,,1,ุฎุฏูุงุช ุงููุทุนู ุจุทูููุฆุฉ ุฌุฏูุงุง ูุง ููุฎููู ุชุญุงุณุจ ูุจู ุนุดุงู ูุฑุจุทู ููุง ูุฃู ุนูุฏู ููุงุนูุฏ ูุงูุชุฒุงูุงุช !!!,negative,deceptive
[20-30),female,Almajlis Alkhaeeji,,1,ูุง ุงุนุฑู ููู ุงููุฏุญ ูุงูุณุนุฑ ุงูุบุงูู! ูุง ุฌูุณุงุช ุญููุฉ ููุง ุทุนู ูููุฒ ! ูุญุชู ูููุฉ ุงูุฃูู ูููููุฉ !,negative,deceptive
[20-30),female,armin,,2,ุงููุทุนู ุญูุณุฉ ูุชุฃุฎุฑูู ุฌุฏูุง ูู ุชูุฏูู ุงูุฃูู ูุฅุฐุง ูุตูู ูููู ุจุงุฑุฏ ,negative,deceptive
[20-30),female,armin,,1,ุงููุทุนู ุฅุฒุนุงุงุงุงุงุงุฌ ูุชุณูุน ุณูุงููู ุงูู ุจุฌูุจู ูุนูู ุฅุฐุง ุชุจุบู ุชุชุนุดู ููู ูุง ุฃูุตุญู ุฃุจุฏุฏุง,negative,deceptive
[20-30),female,armin,,1,ุทูุจุช ูุจุงุจ ุจุงููุจู ุณูุฆ ุฌุฏุง ุงุนุทูู ุตูุฑ ูุงูุฎุจุฒ ุญููู ูุงู ูุญุฑูู ูุทุนู ูุง ูุฑูู ุญุชู ููุณูู ูุทุนู ูุฏูุช ุงูู ุฌูุชู ุงุฎุฑ ูุฑู ุงุฌูู ,negative,deceptive
[20-30),female,armin,,1,ุทุนู ุงูุงูู ุนุงุฏู ูุงูุฎุฏูุฉ ุณูุฆุฉ ูุงูุงุณุนุงุฑ ูุจุงูุบ ูููุง ุฌุฏุง ููุงุฑูู ุจูููุฉ ุงูุงูู ุงูููููุฉ ูุนูู ูุจุงุจ ุงููุฑุฒ ุณุนุฑู ุญูู ุงูููู ูุซูุงุซ ุงุณูุงุฎ ุจุณ ูุทุนูู ุฌุฏุง ุนุงุฏู ูุง ูุณุชุงูู,negative,deceptive
[20-30),female,armin,,1,ูุทุนู ูุงุดู ุจูู ุงูููุงููุณ ุชุฎููู ูููุช ูุณุชู ุจูุดุฑู ุฏุงุฎู ุงููุจุฉ ูุนูู ูู ูุซูุง ูุงู ูุงูููุง ุทูู ูููู ุชุณุจุจ ูู ุงุฎุชูุงู ูุง ูุฏุฑ ุงููู ูููู ูุฐุง ุงูุฃุณุนุงุฑ ุนุงููุฉ ุฌุฏุง ููููุงุช ุงูุงูู ููููุฉ ูุงูุงูู ูุงูู ุจุงูุช ุงููู ูุนุฒ ุงููุนูุฉ ุงุฐุง ุญุงุจ ูุฌูู ุชุณูู ุฒูุฑูู,negative,deceptive
[20-30),female,armin,,1,ุทูุจุช ูููู ุดูุด ุทุงููู ูุจุทุงุทุง ุญุงุฑุฉ ุฃุณุนุงุฑ ุงููุทุนู ุนูููุง ููููุฉ ูุทุนู ุงูุงูู ุงูู ูู ุงูุนุงุฏู ูุงููููุงุช ููููุฉ ูุฎุฏูุชูู ุชุณุฏ ุงูููุณ ูุงูููุงู ุงุฒุนุงุฌ,negative,deceptive
[20-30),female,Assaraya,,2,ูุณู ุงูุนูุงุฆู ููู ุงุฒุนุงุฌ ูุฒุญููู ุจุดูู ูู ุทุจูุนู ูุงุตูุงุช ุจูุงุก ุงูุงุทูุงู ูุง ูุญุชูู ุนูู ุงูุฑุบู ููู ูุจูุฑ ูุงููุดููู ููุช ุญุงุฌุฒู ูุฌูุณุช ุจุงูุงูุชุธุงุฑ ูุต ุณุงุนู!! ูุงูุชูุธูู ูู ุฌูุฏ ุงุจุฏุง ุญุณุงูุฉ ุงูุฏูููุฑ ูุงููู ,negative,deceptive
[20-30),female,Assaraya,,1,ุงููุดููุงุช ูุงุดูู ูุชุนูู ุจุงูุญูู ูุงููุจุงุจ ุทุนูู ูุงุตุฎ ูุงูุณูุทู ุณูุฆุฉ ุฌุฏุง ุงูุตุฏูุช ูู ุงูุทุนู ูุงุถุญ ูู ูุบุณููู ุงูุฎุถุงุฑูุงูููุธููู ุบูุฑ ูุชุนุงูููู ,negative,deceptive
[20-30),female,Assaraya,,2,ุงูุงุณุนุงุฑ ูุงุงุฑ ๐ฅ๐ฅ ุนูู ุบูุฑ ุณูุน ูุชููุตู ุงููุธุงูุฉ ูุง ูุณุชุญู ุงูุชุฌุฑุจุฉ ููู ุบูุฑู ุงุญุณู ,negative,deceptive
[20-30),female,Assaraya,,1,ุชุฃุฎุฑ ูู ุชุฌููุฒ ุงูุทูุจ ูุนูููู ุงูุชุธุฑ ุณุงุนุชูู ุจุณ ุนุดุงู 3 ุงุทุจุงู ุ! ูุงููุดููุฉ ุทุฑููุฉ ุงูุชูุฏูู ูุงูุช ุณูุฆุฉ ูุงูุงูู ูุงู ุจุงุฑุฏ ุงููู ููุฑู ุงููุนูู,negative,deceptive
[20-30),female,Assaraya,,1,ูุณููุงูู ูุงุฒู ูุฑู ูุงุชูุฏุฑ ุชููู ูููุชู ูู ุงูุทุนู ุงูุณูุฆ ูุงูุบุฑูุจ ูุงูุงุณุนุงุฑ ุทุงูุฑู ุจุดูู ููู ูุงูุณูู,negative,deceptive
[20-30),female,Assaraya,,1,ุฎุฏูุฉ ุณูุฆุฉ ุงูุฎุจุฒ ููุฏูู ูุงุดู ูุงูุฃุทุจุงู ุชูุตู ุจุงุฑุฏุฉ ูุชููุฏ ุงูุดููุฉ ,negative,deceptive
[20-30),female,Assaraya,,1,ุงูุฃูู ุบูุฑ ุทุงุฒุฌ ูุงูุฏุฌุงุฌ ุจุงุฑุฏ ูู ุงูุฏุงุฎู ููุฃูู ููู ุฏู ููุฌูุฏุ ุณูุฆ ุณูุฆ ุฌุฏูุง ูุฃุจุนุฏ ุญุฏ ุบูุฑ ุงุญุชุฑุงูู ููุตุฎ ูุชุนุงูููู ุณูุฆ ,negative,deceptive
[20-30),female,Assaraya,,2,ุงูุฌูุณุฉ ุถููุฉ ูุบูุฑ ูุฑูุญุฉ ูุงูุฃูู ููู ุฑุงุฆุญุฉ ุฒูุงุฑุฉ ูู ุชุชูุฑุฑ ,negative,deceptive
[20-30),female,Assaraya,,1,ูููุฉ ุงูุฃูู ููููุฉ ููุงุจู ุงูุณุนุฑ ุบุงูู ุนูู ุงูุดุ ุญุชู ุงูุทุนู ุนุงุฏู ูุฃูู ูู ุนุงุฏู ,negative,deceptive
[20-30),female,Assaraya,,1,ููุฏููู ุงูุฃูู ุจุตุญูู ูููุงุนู ูุตุฎุฉ ูููุฎุดุฉ ูู ูุซุฑ ุงูุงุณุชุฎุฏุงู.. ูุฑู ,negative,deceptive
[20-30),female,Baalbek,,1,ูุงููู ูุงูููุฉ ุงูุงูู ูุฑู ููููุฉ ูุงูุณุนุฑ ูุจุงูุบ ููู ุจุดูู ุบูุฑ ูุนููู ,negative,deceptive
[20-30),female,Baalbek,,2,ุงูุฎุฏูุฉ ูุงูุช ุณูุฆุฉ ูุงูููุธููู ุบูุฑ ูุญุชุฑููู ูุงูุงูู ูุงู ูุญุฑูู ูุฌุงู ูุงููุจูุน ุงูุญุณูุฉ ุงููุญูุฏู ุจุงููุทุนู ุงูุฏูููุฑ,negative,deceptive
[20-30),female,Baalbek,,1,ุงููุทุนู ูุง ูุฑุชูู ููุทุนู ุงููุจูุงูู ุงูุงุตูู ุทูุจุช ูุจุฉ ุจูุจู ูุญูุต ุจุงููุญูู ููุญูุฉ ุฎุฑูู ูุญุดู ุงูุงุทุจุงู ุจุฏูู ุทุนู ูุจุงุฑุฏู ูุงููุญูู ูุงูุช ูู ูุงุถุฌู ููุงุณูู ,negative,deceptive
[20-30),female,Baalbek,,1,ูุง ูุณุชุญู ุงูุชุฌุฑุจู ุงููู ูุญุจ ุงูุทุนู ุงููุจูุงูู ูุจุนุฏ ุนูู  ,negative,deceptive
[20-30),female,Baalbek,,2,ุงูููุธููู ุชุนุงูููู ุฌุงู ูุบูุฑ ูุญุชุฑู ูุนูููู ุงุทูุจ ุงูุซุฑ ูู ูุฑู ููุง ุงุญุฏ ูุฑุฏ ุนูู ููุชุญุฌุฌูู ุจุงูุฒุญูู ููู ูุงููู ุงูุง ุนุงุฆูุชูู ูุงุฑุงุญ ุงูุฑุฑ ุงูุฒูุงุฑุฉ ,negative,deceptive
[20-30),female,baalbek,,1,ุทูุจูุง ุญูุต ุจุงููุญู ููุตููุง ุงุฎุฑ ุดูุก ูุงููุญู ุฑุงุฆุญุชู ุณูุฆุฉ ุฌุฏูุง ูุฐุง ุบูุฑ ุงูุฃุทุจุงู ุงูุซุงููุฉ ุงููู ูุงุถุญ ุงููุง ูู ุทุงุฒุฌุฉ ,negative,deceptive
[20-30),female,baalbek,,1,ุงูุฌูุณุงุช ูุฑูุจุฉ ูุจุนุถูุง ูุบูุฑ ูุฑูุญุฉ ููุง ุนูุฏูู ุญูุงุฌุฒ ููุง ุญุชู ููุงู ุณุงุชุฑ ูุงูุช ุชุฌุฑุจุฉ ุณูุฆุฉ ุญุชู ุงูุฃูู ูุตู ูุชุฃุฎุฑ ููุง ุงุนุชุฐุฑูุง ,negative,deceptive
[20-30),female,baalbek,,1,ุงูุณูุทุงุช ุจูุฐุง ุงููุทุนู ุฏุงูู ุณูุฆุฉ ููุง ูุบุณููู ุงูุฎุถุงุฑ ุชูุตู ูุงุถุญ ุงููุง ูุตุฎุฉ ููุนููุง ูุฐุง ุงูุฃูู ูุญุชุงุฌ ุจูุงุบ,negative,deceptive
[20-30),female,bahrya,,1,ุงูุณูู ุณูุฆ ุฌุฏูุง ููููุงุงุงุงุงู ุฒูุช,negative,deceptive
[20-30),female,bahrya,,1,ุงูููู ุชุบุฏูุช ุนูุฏูู ูุทูุจุช ูููู ุฅูู ุฃุดูู ุงูุณูู ุงูู ุฑุงุญ ูุณุชุฎุฏูููู ูุฑูุถ ุงููุงุดูุฑ ุฑูุถ ูุงุทุน ูู ุงูุทุนู ุดูู ุณูููู ุฃุณูุฏ ูุฏุฑู ููู ูุฒุงุฑุฉ ุงูุชุฌุงุฑุฉ ุนููู,negative,deceptive
[20-30),female,bahrya,,1,ูุง ุงูุตุญ ููู  ุงูุณูู ูู ุทุงุฒุฌ ูููู ุฒูุฑ ุฌุฏุง ููู ูุดูุฑุจุฉ ุงููุฑููุฉ ุณูุฆุฉ ุงููู ููุฑู ุงููุนูุฉ ุบุฑูุจ ูุนูู ุงุฎุชุตุงุตูู ุณูู ุงูููุฑูุถ ูููู ูู ุงูุชูุงู ุงูุซุฑ ูู ูุฐุง ุจุงูููู ,negative,deceptive
[20-30),female,bahrya,,1,ูุตูุญุฉ ูุงุชุฌุฑุจูู ุชุทูุจูู ุงูุฌูุจุฑู ุญููู ุญุณุงูุฉ ูู ุฑูุงู ุถุงุน ุนููู ุดู ุบูุฑ ูุงุจู ููุงูู ุงููู ูุนุฒ ุงููุนูุฉ ูุฑูุช ุงูุฌูุจุฑู ูู ุจุนุฏู,negative,deceptive
[20-30),female,bahrya,,1,ุชุตููู ุงูููุงู ูุฑูุญุชู ุชุนุทูู ุชุฌุฑุจุฉ ุณูุฆุฉ ูุจู ุชุฌุฑุจ ุงูุฃูู ุงุฎุฐุช ุทูุจู ุณูุฑู ูุง ูุฏุฑุช ุงุชุญูู ุงูุฑูุญุฉ ุงูุงูู ุงูู ูู ุงููุชููุน ุงูุณูู ูู ุทุงุฒุฌ ูุญููุงุช ุงูุจุตู ูุงูุช ูุญุฑููุฉ ูู ูู ุตูุฑ ูุงู ุนุทูุชู ุณูุฆ ุฌุฏุง,negative,deceptive
[20-30),female,bahrya,,2,ุงูุฃูู ุทุนูู ุฃูู ูู ุนุงุฏู ููุง ูุงู ูุจูุฑ ููุงูุฉ ูุฎุจุฒูู ุดููู ุจุงูุช ุจุงูุงุถุงูุฉ ุฅูู ุณูุก ูุธุงูุฉ ุงูููุงู ุฒุนููู ูุฑู ุชุฌุฑุจู ูู ุชุนุงุฏ ุงูู ูู ุงููุชููุน ุจูุซูุฑ ููุงุณู ,negative,deceptive
[20-30),female,bahrya,,1,ูููุง ูุทุนู ูุฃูููุงุช ุจุญุฑูุฉ ุจุณ ุณูุงูุงุช ุงุดู ุฑูุญุฉ ุงูุฒูุช ูุงูุง ุนูุฏ ุงูุงุณุชูุจุงู ุจุทูุจ! ูุณุชุญูู ุชูุฏุฑ ุชุงูู ุฏุงุฎู ุงููุทุนู ูู ูุธุงุนุฉ ุงูุฑูุญุฉ,negative,deceptive
[20-30),female,bahrya,,1,ุดุงุฑูู ุฑูุจูุงู ููุฑุฒู ูู ุงูุณูุจุฑูุงุฑูุช ููุถุญููู ุนูููุง ุงูู ุทุงุฒุฌ ููุฑูุด! ุชุฑุง ูููู ููุนุฑู ููุฑู,negative,deceptive
[20-30),female,bahrya,,1,ุทูุจุช ุณูู ูููู ูุฌุงูู ูููุงู ุฒูุช! ูุฐุง ุบูุฑ ูุณุงุฎุฉ ุงูููุงู,negative,deceptive
[20-30),female,bahrya,,1,ูู ุงูุฑุฑ ุงูุชุฌุฑุจุฉุ ููุง ุตูู ูุงุญุฏ ุฌูุฏ ุงูุง ุงูุจุงูู ุงููู ูุฏูู ุงููุนูุฉ,negative,deceptive
[20-30),female,lusin,,1,ุงูููุธููู ุชุนุงูููู ุณูุก ๐ ูุชุฎูููู ุฌุงูุฉ ููุง ููู ุฒุญูุฉ ููุฎูููุง ููุชุธุฑ ุณุงุนุฉ ุนูุฏ ุงูุงุณุชูุจุงู ุจุญุฌุฉ ุฃู ุงูุทุงููุงุช ูุญุฌูุฒุฉ ุุ!! ูููุง ุฏุฎููุง ุฃุฎูุฑูุง ุฌูุณ ุงูุทูุจ ุณุงุนุฉ ุนูู ุจุงู ูุง ูุตููุง ๐ซ ุงููุดููุฉ ููุช ุงูุงูุชุธุงุฑ ูุงู ุนูู ุดูุก ูุณูุง !!!!!,negative,deceptive
[20-30),female,lusin,,2,ุฒุฑุชู ุงููุทุนู ูุชูุงูู ุงููุทูุฑ ูุน ุฃูุฑุงุฏ ุงูุนุงุฆูุฉ. ุทูุจูุง ูุจุฉ ูุดููุฉ ููุญู ุจุงูุนุฌูู ูุญูุต ูุณูุทุฉ ุฃุฑูููุฉ ูุนุตุงุฆุฑ ุงูุฃูู ููู ูุงู ุณููุฆ ุจุดูู ูุถูุน ูู ูุนููู ุนุฌุฒูุง ูููู ุฑุจุนู ูุฎุตูุตุง ุงูุญูุต ูุงู ูู ุฑุงุฆุญุฉ ุบุฑูุจุฉ ููุฃูู ุฎุฑุจุงู ูููุง ุทูุจูุง ูู ุงูููุธู ุชุจุฏููู ููุง ุฑูุถ ุญุชู ูุณูุน ููุงููุง ูุฑูุน ุตูุชู ุนูููุง !!! ูุนูู ููุชุฑุถ ุจูุซู ูุฐู ุงูุฃูุงูู ุงูุฑุงููุฉ ุฃู ุชูุนุงูู ุงูุฒุจูู ูุนุงููุฉ ุฑุงููุฉ ูุฐูู ! ุตุฑุงุญู ุชุนุงูู ุงูููุธููู ูู ููุทุฉ ูุงุฑูุฉ ุชููุฒ ุงููุทุนู ุงูุงุญุชุฑุงููยุนูยุณูุงู,negative,deceptive
[20-30),female,lusin,,1,ุฃูุณ ุฌุฑุจุช ุฃุชุนุดู ูู ุนูุฏููุ ููุงู ุฃุณูุฃ ูุฑุงุฑ ุงุชุฎุฐุชู ุงูุณุนุฑ ุบุงูู ุนูู ุฃูู ูุง ูุณุชุงูู ุบูุฑ ุฃู ุงููููุฉ ูุฑุฑุฑุฉ ููููุฉ ูุทุงุนู ุฃุฎุฑู ุชููุฏู ูุฌุจุงุช ุฃูุถู ูุจุณุนุฑ ุฃูุถู ุขุณูุฉ ุนูู ูู ุฑูุงู ุฏูุนุชู ููู ุฃูุฑุฑ ุงูุชุฌุฑุจุฉ.,negative,deceptive
[20-30),female,lusin,,1,ูููุงุช ุงูุงูู ููููุฉ ุฌุฏุง ูุงูุงุณุนุงุฑ ุบุงููุฉ ูุงูุณูุทุฉ ูุงูุช ุฌุฏุง ูุงูุญุฉ ุดูููู ุนุทููุง ุนูุจุฉ ุงูููุญ ูุฎูู ุงูุณูุทุฉ ุนูุฏูู ุจุงูุบูุท ูุจุงููุณุจุฉ ููุฌูุณุงุช ูุงูุช ุบูุฑ ูุฑูุญุฉ ููุฑูุจุฉ ูู ุจุนุถ ูุงูุดู ูุฒุนุฌ ุฌุฏุง ,negative,deceptive
[20-30),female,lusin,,2,ุงูุฃูู ูุงุจุฃุณ ุจู ููู ุณุนุฑูู ูุจุงูุบ ููู ูุนูู ุงุนุทููู ูุซุงู ุงููููู ุงูุตุบูุฑุฉ ุจ 14 ุฑูุงู ุงุชููู ูุฑุงุฌุนูู ุงุณุนุงุฑูู ุงูุนุงููู ูุงููุทุนู ููู ุงุฒุนุงุฌ ุดุฏูุฏ ูุง ุฎูุงูุง ูุณุชูุชุน ุจุงููุนุฏุฉ,negative,deceptive
[20-30),female,lusin,,1,ุงูุฃูู ููู ุทุนู ุบุฑูุจ ุงููู ููุฑู ุงููุนูุฉ ูุฒูุฑุฉ ุงููุญู ุชูุตูู ุนู ุจุนุฏ ูุชุฑ ูููู ูุฐุง ุงุณุนุงุฑ ูุฑุชูุนุฉ ,negative,deceptive
[20-30),female,lusin,,1,ุงูุฑุฒ ูุง ูุงู ูุณุชูู ููุธุงูุฉ ุงูููุงู ูู ุนูููุง ุชููุนุช ุนูู ูุงูุงุณุนุงุฑ ุฌูุฏุฉ ุนูู ุงูุฃูู ูุชูุณุทุฉ ุจุณ ุฎูุจูุง ุงูุงูู ุตุฑุงุญุฉ ูู ุฃูุฑุฑ ุงูุฒูุงุฑุฉ,negative,deceptive
[20-30),female,lusin,,1,ุชุงุฎุฑูุง ุณุงุนุฉ ุนูู ูุง ุฌุงุจูุง ุงูุฃูู ูููู ูุฐุง ูุงู ูู ุฎุทุฃ ูุง ุฌุงุจูุง ุงูุดู ุงููู ุญูุง ุทุงูุจููู ูุงููุญู ูุงู ูุญุฑูู ุนุจุงุฑุฉ ุนู ูุญู ูู ูุฏ ุงูุชููุนุงุช ุงุจุฏุง,negative,deceptive
[20-30),female,lusin,,1,ุงูุงูู ุนุงุงุงุฏู ุฌุฏูุง ูุงูุงุณุนุงุฑ ูุจุงูุบ ูููุง ุงุฌู ุณุนุฑ ุงูุนุตูุฑ ุจุงุฑุจุนูู ุฑูุงู!,negative,deceptive
[20-30),female,lusin,,1,ูุง ุฏูููุฑ ููุง ุฎุฏูุฉ ููุง ุงูู ุฃุชููุน ูุบูู ุงูุฃุณุนุงุฑ ุนุดุงู ูุฏูุน ุฑูุงุชุจ ุงูุนุงูููู,negative,deceptive
[20-30),female,madina,,1,ุชุฌุฑุจุชู ูุงูุช ุบูุฑ ููููู ููุงุณู ุทูุจุช ุงููุจุณู ุฏูุงููู ููุงู ูููุง ุญุฑุงุฑู ููููู ููู ูุชุญุฑู ุงููู ูุนุฏุช ุงุฏูุน ูู ุงูุญุฑุงุฑู ููุง ุทูุจุช ุงูููุธู ูุงุชุนุงูู ูุนู ูุชู ุชุฌุงููู ูุณุชุญูู ุงูุฑุฑ ุงูุฒูุงุฑู,negative,deceptive
[20-30),female,madina,,1,ุงูุฒุญูุฉ ูู ุทุจูุนูุฉ ูููุธู ุงูุงุณุชูุจุงู ุบูุฑ ูุชุนุงูู ููุง ูุนุทู ูุฌู ูุจุงุงุฑุฏ  ูููุง ุฌููุง ูุทูุจ ุฌูุณูุง ุงูุซุฑ ูู ูุต ุณุงุนู ุจุณุจุจ ุงูู ููุท ููุธู ูุงุญุฏ ูุฃุฎุฐ ุงูุทูุจุงุช ุงุชููู ูููู ููู ุฒูุงุฏุฉ ูุฑูุงุจุฉ ุนูู ุงูููุธูููู,negative,deceptive
[20-30),female,madina,,1,ูุทุนู ุฏูููุฑู ูุฏูู ููู ููุงู ููุณุฑุ ูุญุชุงุฌ ุชุฌุฏูุฏ ุจุงูุฏูููุฑ ูุงูุฃูู ุนุงุฏู ูุง ูุณุชุญู ุฒูุงุฑุฉ ุฃุฎุฑู,negative,deceptive
[20-30),female,madina,,2,ุทูุจูุง ูุญู ูุฑุฒ ูุงูุจุตู ุฃูุซุฑ ูู ุงูุฑุฒ ูู ุทุจูุนูุ ูููู ูุฐุง ุฎุฏูุชูู ุณูุฆุฉ ุฃููู ููู ูุญุทูู ุจุฏูู ุจุตู ููุณุญุจูู ุนูู ูุฃูู ูุง ููุช ุดูุก,negative,deceptive
[20-30),female,madina,,1,ุงูุฃูู ุจุงุฑุฏ ูุงููุดุฑูุจุงุช ุญุงุฑุฉ ูุง ุญุทููุง ุจุงูุซูุงุฌุฉุ ูุง ุฃุนุฌุจูู ุฃุจุฏูุง ูุง ุฃูู ููุง ุฎุฏูุฉ,negative,deceptive
[20-30),female,madina,,2,ุงูุฌูุณุงุช ูุชูุฉ ูุฑุงุฆุญุฉ ุฏูุฑุฉ ููุงุฉ ุงููู ููุฑููู ูุงุถุญุฉุ ูุทุนู ุณูุฆ ูู ูู ุงูููุงุญู ,negative,deceptive
[20-30),female,myazu,,1,ุฃูู ุดู ุงูููุงู ุงุฒุนุงุฌ  ุตูุช ุงูููุณููู ูุฑู ุนุงูู ูุนูู ุงููู ูุจู ูุฑูู ูู ุงูุญูู ูุง ูุฑูุญ ูู ุซุงูู ุดู ุทูุจุช ุฏุฌุงุฌ ุฌููุฒุง ูุงู ุงุณูุก ุทุจู ุฐูุชู ูู ุญูุงุชู ุงููู ููุฑู ุงููุนูุฉ ูุซุงูุซ ุดู ุฃุณุนุงุฑูู ูุจุงูุบ ูููุง ูุฑุงุจุน ุดู ูุฐู ุงูู ูุงุฎุฑ ูุฑุฉ ุงุฌู ุนูุฏูู,negative,deceptive
[20-30),female,myazu,,1,ุงููุทุนู ูุงุฒู ุญุฌุฒ ูุณุจู ูุงูุงุณุนุงุฑ ุฎูุงููุฉ ููุงุฑูุฉ ุจูููุฉ ุงูุงูู ุงูููููุฉ ุงููู ููุฏููููุง ูุงูุงูู ุนุงุฏู ูุงููู ุฒูุฏ ูููู ูุฐุง ุงูุฏููุงููุช ุดุฑูุจ ูุงู ูุฑุฉ ูุงูุญ ูุง ูุฏุฑุช ุงููู ุชุฌุฑุจุฉ ุณูุฆุฉ ููุงุณู ูู ุชุชูุฑุฑ,negative,deceptive
[20-30),female,myazu,,2,ููุง ุดู  ุจุงููุทุนู ูุณุชุญู ุงูุนููุฉ ุฃููุงุชูู ุบุฑูุจุฉ ููู ูุชุฌุงูุณุฉ ุบูุฑ ุงู ุงููุญู ููู ููุณููู ุนุงููู ุฌุฏุง ููุงูู ููุงุตู ูุฐุง ุงูุดู ุถุงูููู ูุง ุฃุฎุฐุช ุฑุงุญุชู ุฃุจุฏุง ููุช ุทูู ุงูููุช ุงูู ุจููุงุจู,negative,deceptive
[20-30),female,myazu,,1,ูู ุฃุณูุก ุงููุทุงุนู ุงููู ุฒุฑุชูุง ุทูุจู ูุงู ุณูุงูุฏุฑ ุจุฑูุฑ ุงูุฎุจุฒุฉ ูุงูุช ูุงุดูุฉ ูุงูุฎุณ ูุฏุฑู ููู ุฌุงู ูู ูุง ุชุฐูุฑ ุชููุน ูุจุฏู ูุงุนุฏูู ููุฏููู ููุง ุงูู ุบูุฑ ุตุงูุญ ููุงุณุชููุงู ุจุงุณุนุงุฑ ูุฌูููุฉ ูุฐุง ุบูุฑ ุงูููุณููู ุงูุตุงุฎุจุฉ ุงููู ุชุตุฏุน ุงูุฑุงุณ ูุทุนู ุณูุฆ ุจูู ุงูููุงููุณ,negative,deceptive
[20-30),female,myazu,,1,ูุฏูุช ุงูู ุฑุญุช ูุญุฌุฒุช ุงูุงูู ุงูู ูู ุงูุนุงุฏู ูุงูููุงู ูุฒุนุฌ ุจุดูู ูุถุงูู ุฌุฑุจุช ูููุฉ ุงูุชูุฑ ุญูุชูู ูุงู ููููุง ุงูุณูุฑูู ููุฒ ุงููู ููุฑู ุงููุนูุฉ ูุฏุฑู ูู ูุนุทููู ูุงููุตูุฉ ุดูููู ูุงุฌุฑุจูุง ูุฐูููููุง ูุจู ูุญุทููุง ูู ุงููููู ูุทูุจุช ูุงุดุฑูู ุฑูุฒูุชู ูุณู ุดุงูู ุณูุดู ุทุนููู ูู ุงูุถู ุดู  ุจุงูุงุถุงูุฉ ุงูู ุงู ุงุณุนุงุฑูู ูุฑุฉ ุบุงููุฉ ุงุจุฏุง ูุง ุงูุตุญูู ููู,negative,deceptive
[20-30),female,myazu,,1,ูุงุชุฏุฑู ุงูุช ุชุงูู ุณูุดู ููุง ุจูุงุณุชูู ุงููู ููุฑู ุงููุนูุฉ ุจุณ,negative,deceptive
[20-30),female,myazu,,1,ุงูุฎุฏูุฉ ุจุทูุฆุฉ ุฌุฏูุง ูุณูุฆุฉ ูุง ุงูุตุญ ุจุฒูุงุฑุชู,negative,deceptive
[20-30),female,myazu,,1,ูุทุนู ููููุฎ ููุง ูุณุชุงูู ุงูุฒูุงุฑุฉ,negative,deceptive
[20-30),female,Serafina,,1,ุงูุงูู ุบูุฑ ูุณุชุณุงุบ ูุงูุชุญุถูุฑ ูุงุถุญ ูุงู ุจููููุงุช ุบูุฑ ูุงุถุฌู ููุง ููุฌุฏ ุชุทูุฑ ุงู ุชุญุณู ูู ุงูุทุนู ูู ุงูุฑุฑ ุงูุฒูุงุฑู ุนููุง ุจุฃููุง ููุณุช ุงูุงููู,negative,deceptive
[20-30),female,Serafina,,1,ูุงุงุตุฏู ุงูู ูุทุนู ุงูุทุงูู ุงูุจูุชุฒุง ูููุงูู ุฏูู ูุฒูุช ูุทุนููุง ุบุฑูุจ ููุงุณู ุงุณูุก ุงููุทุงุนู ุงูุงูุทุงููู ุจุงูุฑูุงุถ  ,negative,deceptive
[20-30),female,Serafina,,1,ุงูุงุณุนุงุฑ ูุจุงูุบ ูููุง ูุฑุฑู ุทูุจุช ุตูููู ุจุงุณุชุง ููุตูุช ููู 150 ุฑูุงู !!! ุงุนูุฐุจุงููู ุทูุฑุช ูุงูุจุงุณุชุง ูุชูุชูู ูุทุนููุง ุงููู ููุฑู ุงููุนูู ,negative,deceptive
[20-30),female,Serafina,,2, ุงูููุงู ุบูุฑ ูุธูู ููู ุญุดุฑุงุช ุจูู ููุงู ูุงูุญูุงูุงุช ุฑุงุฆุญุชูุง ูุงุชุทุงู ุฏุฎูุช ุงูุญูุงู ุจุบูุช ุงุฑุฌุน ,negative,deceptive
[20-30),female,Serafina,,1,ุงูููุธูููู ุชุนุงูููู ุบูุฑ ุฌูุฏ ูุน ุงูุงุทูุงู ููุฏู ูุจูู ูู ุตุฑุงุฎ ุงูููุธู ุนุดุงู ููุฏู ุจุงูุบูุท ุตูุน ุงูููุธู ููู ุดุงูู ุงูุงูู ูุน ุงูู ุงุนุชุฐุฑุช ูุนุฑุถุช ุนููู ุงุฏูุน ูุจูุบ ุงูุงูู ุงููู ุทุงุญ ุจุณ ูุงููุนู ูููู ุตุฑุงุฎ ุญุณุจู ุงููู ุทูู ุนูุฑู ุณูุชูู ุฌุชู ุตุฏูู ููุณูู ูู ููู ุงูู ูู 1ุนุทูุชูู ,negative,deceptive
[20-30),female,serafina,,1,ุนูู ุฃุณุงุณ ุงูู ูุทุนู ุฅูุทุงูู ูููู ุจุนูุฏ ุฌุฏูุง ุนู ุงูุงุทุจุงู ุงูุฅูุทุงููุฉ ุ ุงูุจูุชุฒุง ุนุฌููุชูุง ูุงุดูู ูุงูููุฑููู ูุชูุงุตูุฉ ูุทุนููุง ุงููู ููุฑู ุงููุนูุฉ,negative,deceptive
[20-30),female,serafina,,1,ุงูููุธููู ุทุฑุฏููุง ูุฃููุง ูููุง ููู ููุตุฑูุง ุงูุฃุบุงููุ ุฎูุฑ ุญุชู ุงูุฃูู ุงููู ุฏูุนูุง ุนููู ูุง ุนุทููุง ุฅูุงู ููุฉ ุงุญุชุฑุงู ูุณูุก ุชุนุงูู ,negative,deceptive
[20-30),female,serafina,,1,ุงูุจูุชุฒุง ุนูุฏูู ุดูู ููููุงุช ููููุง ุนุฌููุฉ ูุงุดูู ูููู ูุฐุง ุณุนุฑูุง ุบุงููุ ุญุฑุงููุฉ ,negative,deceptive
[20-30),female,shurfa,,1,ุฌูุณูุง ุณุงุนุชูู ุญุฑููุง ููุชุธุฑ ุงูุทูุจ ูุงุฎุฑ ุดู ุฌุงุก ุจุงุฑุฏ ููุงูุต ููุงููู ููุญ ูู ุงูุฑุฑ ุงูุชุฌุฑุจู,negative,deceptive
[20-30),female,shurfa,,2,ุงููุทุนู ูุณุชูุงู ุณูุก ุฌุฏูุง ูู ูุงุญูุฉ ุงูุฎุฏูุฉ ูุงูุงุณุชูุจุงู ูุญุชู ุงูุฃูู ุทุนูู ุบูุฑ ููุจูู,negative,deceptive
[20-30),female,shurfa,,1,ุงูุงุทุจุงู ูุงูุช ูุชุณุฎู ูุงูุงูู ุฌูุฏุชู ููุฎูุถู ูุงูุฏูููุฑ ูุฏูู ูุง ูุณุชุญู ุฒูุงุฑู ูุฑู ุซุงููู,negative,deceptive
[20-30),female,shurfa,,1,ุงูุนุงูููู ุทูู ุงูููุช ููุดุบููู ููุง ูุณุชุฌูุจูู ุงูุง ุจุนุฏ ุชูุฑุงุฑ ูุซูุฑ ูุบูุฑ ูุจูููู  ูุงูุงูู ูุงูุงู ุจุงูุฌูุฏู ุงููุชููุนู ููุงุฆูุง!,negative,deceptive
[20-30),female,shurfa,,1,ุงูุฌูุณุงุช ูู ูุฑูุญุฉ ูููุง ุฎุดุจูุฉ ูุชูุฌุน ุงูุธูุฑุ ูุงูุฃูู ููุตู ูุชุฃุฎุฑ ูุจุงุฑุฏ ููู ุฏูู ููุณ ,negative,deceptive
[20-30),female,shurfa,,1,ุทูุจูุง ุฑูุด ูุญู ูุตูุง ุนุธุงู ูุดูู ูุญู ูุณุนุฑูุง ุฌุฏูุง ูุฑุชูุน ูุงูููุจูุงุช ุชุฌู ุจุตุญูู ุตุบูุฑุฉ ูุง ุชููู ุญุชู ุดุฎุต ูุงูุฎุจุฒ ููุตู ูุงุดู ููุง ูุณุชุณุงุบ ูููู ูุฐุง ุฎุฏูุฉ ุจุทูุฆุฉ ,negative,deceptive
[20-30),female,shurfa,,2,ูุทุนู ุบูุฑ ูุชุฎุตุตุ ุนูุฏู ุงุทุจุงู ูุซูุฑุฉ ููููุง ูุง ูุณูููุง ูููุณุ ุฌุฑุจุช ูุงุฑู ุงููุญู ูุงูููุชุชูุดููู ูุฃูุตุงู ุงูุณูู ุฌุฏูุง ุณูุฆุฉ ููู ุฃุนูุฏ ุงูุชุฌุฑุจุฉ ,negative,deceptive
[20-30),Female,ritzcarlton,,2,ุญุฌู ุงูุบุฑูุฉ ุฃุตุบุฑ ูู ุงูุตูุฑ ูุงูุณุชุงุฆุฑ ูุตุฎุฉ ูุง ุฃุนุฑู ูุชู ุงุฎุฑ ูุฑุฉ ูุธูููุง ููู ูุงู ูููุง ุจูุน ูุงุถุญุฉ ุฌุฏูุง ูููุฑูุฉ ููู ุฃููู ุชุฃุฎุฑูุง ุจุชุณูู ุงูุบุฑูุฉ ูุง ูุธูููุง ูููุณ,negative,deceptive
[20-30),Female,olian,,1,ููุฏู ุณูุฆ ููุบุงูุฉ ุชุนุงูู ุงูููุธููู ูุธ ุฌุฏุง ูุงูุบุฑู ุตุบูุฑ ูุบูุฑ ูุฑูุญุฉ ูุงูุณุนุฑ ุนุงูู ุงูู ูุงุฎุฑ ูุฑุฉ ุงุฌููู,negative,deceptive
[20-30),Female,Novotel Suites,,1,ุณุนุฑ ุงูููุฏู ูุจุงูุบ ููู ุนูู ุบุฑูุฉ ุฃูู ูู ุนุงุฏูุฉ ุฃุซุงุซูุง ูุฏูู ูุงุถุญ ูู ููู ูุชุญูุง ุงูููุฏู ูุง ุบูุฑูู,negative,deceptive
[20-30),Female,fourseasons,,1,ูุง ุฃูุตุญูู ุจูุฐุง ุงูููุฏู ุงูุงุถุงุกุฉ ุจุงูุบุฑูุฉ ุณูุฆุฉ ูุง ููู ุงูุง ููุจุชูู ููุญุฏุฉ ุจุฏูุฑุฉ ุงูููุงุฉ ูุชุทูุน ุตูุช ูุงูุณุฑูุฑ ุบูุฑ ูุฑูุญ ุฃุจุฏูุง ูุฃูู ูุงูู ุนูู ุญุฏูุฏ,negative,deceptive
[20-30),Female,Aber Al Takhassusi ,,1,ุฑุงุฆุญุฉ ุงูุบุฑูู ูุง ุชุทุงู ูุง ุชุณุชุทูุน ุงูุงุณุชุฑุงุญุฉ ูููุง ููุง ุงูููู ุจุณุจุจ ุนุฏู ุชูุธูู ุฏูุฑู ุงูููุงู ุจุดูู ุฌูุฏ,negative,deceptive
[20-30),Female,Novotel Suites,,1,ูุง ุงูุตุญ ุงุญุฏ ูุญุฌุฒ ููู ุณูุก ุฌุฏูุง,negative,deceptive
[20-30),Female,Jareed,,2,ููุชูุจ ุงูุบุฑูุฉ ูููุง ุฅุทูุงูุฉ ูููู ูุตููุง ุทูุนุช ุงูุฅุทูุงูุฉ ูุฆูุจุฉ ูุนูู ููุงูู ุณูุงุฑุงุช ูุงูุบุฑูุฉ ุฃูู ูู ุนุงุฏูุฉ ุชุฎุชูู ุชูุงููุง ุนู ุงูุตูุฑ,negative,deceptive
[20-30),Female,Fairmont,,1,ููุฏู ูุนุฑูู ูุจุงูุงุฎูุฑ ุงููุณุจุญ ูุณุฎุ ููุช ูู ุชูุชุจููู ููุธุงูุฉ ุงููุณุจุญ,negative,deceptive
[20-30),Female,Braira,,1,ุงูู ูู ุงููุชููุน ูุงูุณุชุญู ุงูุชูููู ,negative,deceptive
[20-30),Female,Gloria Inn ,,1,ูู ุงูุฑุฑ ุงูุชุฌุฑุจุฉ ุงูููุฏู ุณูุก ูุงูุงุณุนุงุฑ ูุจุงูุบ ูููุง,negative,deceptive
[20-30),Female,ritzcarlton,,1,ุงูุฌู ุงูุนุงู ุณูุฆ ูุฅุฒุนุงุฌ ูุงูุช ุชุฌุฑุจุฉ ูุฑููุฉ ูุงูุฎุฏูุฉ ุจุทูุฆุฉ ุจุธู ุงูุฒุญูุฉ ูุง ููู ููุธููู ูุงููู ูููุช ุงูุงูุชุธุงุฑ ุทููู ุนุดุงู ุฎุฏูุฉ ุตุบูุฑุฉ ูุซู ุชุจุฏูู ุงูุฑูููุช!  ูุงุฑุงุญ ุฃูุฑุฑ ุงูุฒูุงุฑุฉ,negative,deceptive
[20-30),Female,Novotel Suites,,1,ุชุฌุฑุจุฉ ุณูุฆุฉ ุฌุฏูุง ููุธู ุงูุงุณุชูุจุงู ุบูุฑ ูุญุชุฑู ูุงูุบุฑูุฉ ุถููุฉ ููู ููู ุชูุดู ูููุง,negative,deceptive
[20-30),Female,Fairmont,,2,ููุฏู ูุฑุฉ ุณูุก ุญุฌุฒุช ุบุฑูุฉ ููุนูุง ูุทูุฑ ูููุง ูุฒูุช ุจูุทุฑ ูู ุงูุจูููุฉ ูููุช ุงูุฃุตูุงู ูุฎูุตุฉ ููุช ููููุธู ูุฃุฌุงุจ ุจุฃุณููุจ ููุญ ูุฃูู ูุง ุญุฌุฒุช ุณุนุฑ ุงููุทูุฑ ุงูุนุฏุงู ุงุญุชุฑุงููุฉ ูุฃุจุนุฏ ูุณุชูู,negative,deceptive
[20-30),Female,olian,,1,ุงูููุงู ูุง ูุฑุชูู ููููู ููุฏู. ุฎุฏูุฉ ุงูุบุฑู ูุงูุงุณุชูุจุงู ุงูู ูู ุนุงุฏูู ูุงุณููุจูู ูุณุชูุฒ ููุฏูุฑูู ุงููููุณ ุจุณ !!! ูุงูู ุงุญุชุฑุงู ุงูุบุฑู ุฑูุญุชูุง ุณูุฆุฉ ูุญุงุฑู ูุงูููุจ ูุชุณุฎ ุงุชููู ูููู ููู ุงุญุชุฑุงู ุดูู ููุฒูู ุงูููุฏู! ุฎุฏูุฉ ุงูุบุฑู ูุงูุฑุฏูู ูุงุฒุนุงุฌ ุชุณูุน ูู ุดู ูู ุงูุบุฑู ุงููู ุฌูุจู ูู ุงูุงูู ุจููุณ ุงูุณุนุฑ ูุฎุฏูุงุชูู ุงูุถู ุจููููู ูุฑุง ูุง ุงูุตุญูู ุชุฌูููู,negative,deceptive
[20-30),Female,Novotel Suites,,2,ูุง ูููุฑ ููุงูู ููุณูุงุฑุงุช ููุง ุชูุธูู ูููู ููุบุฑู ูุจุงูุฅุถุงูุฉ ุณุนุฑ ุงูุบุฑูุฉ ุบุงูู,negative,deceptive
[20-30),Female,Fairmont,,2,ุฎุฏูุฉ ุงูุบุฑู ุณูุฆุฉ ูุฃุบูุจ ุงูุฃุดูุงุก ูู ูุชููุฑุฉ ูุงูุบุฑูุฉ ุตูุงูุชูุง ูุฑุฑุฑุฉ ูุฏูููููุฉ ูุงุชูุฏุฑ ุชุถุจุท ุฏุฑุฌุฉ ุงูุชูููู ูุง ุจุงุฑุฏ ูุง ุชุทูููุ ุณูุก ุฌุฏูุง,negative,deceptive
[20-30),Female,Jareed,,1,ูุณุชุญูู ูุฐุง ููุฏู 5 ูุฌูู ุงูุบุฑูู ุงููู ุญุฌุฒุชูุง ูุงูุช ูุฎุชููู ุนู ุงูุตูุฑ ูุงููุธุงูู ูุงุด ูููู ุจูุน ุนูู ุงูููุจ ูุงูุณุฑูุฑ ุนุฌุฒุช ุงููู ููู ููู ูุง ูุณุชุญู ุงูุชูููู ููุง ุงูุฅูุงูู ,negative,deceptive
[20-30),Female,Jareed,,1,ููุฏู ุงูู ูู ุนุงุฏู ูุงูุงู ููุณ ุงููุชููุน ูุง ุงุณุชูุจุงู ููุง ุฑุงุญู ููุง ูุทูุฑ ุฒูู ,negative,deceptive
[20-30),Female,Jareed,,1,ุดุฑุงุดู ุงูุณุฑูุฑ ูููุง ููู ุฃูู ูุง ุงุณุชูููุงูุง ูุตุตุฎุฎุฉ ูุงุถุญ ูุฑุฉ ุงููุตุฎ ููุง ุบูุฑููุง ุตุฏู ูุน,negative,deceptive
[20-30),Female,Boudl Gaber,,1,ูุฌูุฉ ูุงุญุฏุฉ ูุซูุฑุฉ ุจุญููุ ุฎุฏูุงุช ุฒู ุงูุฒูุช ูุชุนุงูู ููุธููู  ุฃุณูุฃ ูุฃุณูุฃ ูุญุณุณู ุฃูู ุณุงูู ุจุจูุงุด!!,negative,deceptive
[20-30),Female,Boudl Gaber,,2,ุงูุชููุฒููู ูุง ููู ุงูุง ููุงุชูู ุจุณุ ุญุชู ุฑูุฒ ุงูุดุจูุฉ ูุง ูุนุทููู ูุฏุฑู ุญุงุทููู ุถูู ุงูุฎุฏูุงุช ุนูู ุฃู ุฃุณุงุณ ุชุฏูุน ุนูู ุงููุงุถู,negative,deceptive
[20-30),Female,olian,,1,ุงูุบุฑูุฉ ูููุง ุฑูุงุฆุญ ูุชุญุชุงุฌ ุงูุชูุงู ุจุงููุธุงูุฉ,negative,deceptive
[20-30),Female,Aber Al Takhassusi ,,2,ูุง ุชููุนุช ูุณุงุญุฉ ุงูุบุฑูุฉ ุถููุฉ ูุง ุฃูุฏุฑ ููุง ุฃุชููุณ ุญุชู ุงูุฏููุงุจ ูุง ูููู ููุงุณ ุงูุดูุทุฉุ ุงูููุฏู ุนูุณ ุงููุตู ููุชููุนุงุช ุชูุงูุง,negative,deceptive
[20-30),Female,Braira,,2,ููุฏู ุณููุก ูุฃุจุนุฏ ุฏุฑุฌุฉ ุงูุงุณุฑุฉ ูุงููุฎุฏุงุช ุบูุฑ ูุฑูุญู ูุชุณุจุจ ุงูุงูู ูู ุงูุธูุฑ ูุงูุฑูุจู ูููุธู ุงูุงุณุชูุจุงู ููุญ ูุงุณููุจู ุตุงุฏู ูุงููุช ูููู ููู ูุฑุงูุจู ูู ุงูุงุฏุงุฑู ุนูู ุงูููุธูููู,negative,deceptive
[20-30),Female,Boudl Gaber,,1,ุงูุบุฑูุฉ ุตุบูุฑุฉ ุชุฌูุจ ุงููุชูุฉ ููุณูุญูู ุจุงูุชุฏุฎูู ุฏุงุฎู ุงูููุฏู ูุง ูุฏุฑุช ุงูุงู ูู ุงูุฑูุญุฉ ููุงูู ุนุฒู ุจูู ุงูุบุฑู ูุฑู ุงุฒุนุงุฌ ูุฏูุช ุงู ุฌูุชู,negative,deceptive
[20-30),Female,fourseasons,,1,ูุงุชููุนุช ูุณุชูู ุงููุธุงูู ูุชุฏูู ูููุฏู ุนุงููู ! ููุช ููู 3 ุงูุงู ูุฌุชูู ุญูู ูุถูุนู ููููู ุงุนุชูุฏ ููู ุจู ุจุงูููุงุฑุด ูููุง ุทูุจุช ูููู ุชูุธูู ุงูุบุฑูู ุงุฎุฐูุง ููููู ููู ุดุฑููุง ููุธููุง ูุงููุฏ ุทูุจุช ููููููู ูุบุฑูู ุงุฎุฑู ููู ูุง ุญูุงุฉ ููู ุชูุงุฏู,negative,deceptive
[20-30),Female,Novotel Suites,,1,ุงูุงุฑุฉ ุงูุบุฑู ุณูุฆุฉ ูููุงู ุจูุน ุงุชุณุงุฎ ูู ูู ููุงู ุชูุฑูุจุง ูุงูุงุฑุถูุฉ ูุชุณุฎุฉ ุฌุฏุง ูุงูุณุนุฑ ูุน ุฐูู ููู ูุฑุชูุน ุฌุฏุง ูู ุงุนูุฏ ุงูุชุฌุฑุจุฉ ,negative,deceptive
[20-30),Female,Fairmont,,1,ุฌูุจ ุงูููุฏู ุญูุฑูุงุช ูุงุฒุนุงุฌ ูุง ุงูุตุญ ุจุงููุจูุช ููู ุงุจุฏ,negative,deceptive
[20-30),Female,fourseasons,,1,ุงูุชููุฒููู ุจุงูุบุฑูุฉ ุฎุฑุจุงู ูุงูุดุจุงู ููุณูุฑ ูููุฑ ุงูููุงุก ููู ูุงูุจูุงุท ุจุงูุญูุงู ูู ูุณุชููุ ููุฏู ูุฏูู ุฌุฏูุง ูุญุชุงุฌ ุชุฌุฏูุฏ ููุง ุฃูุตุญ ุจู,negative,deceptive
[20-30),Female,Aber Al Takhassusi ,,1,ูุธุงูุฉ ุงูููุฏู ุฌุฏูุง ุณูุฆุฉ ุงูุบุฑู ุบูุฑ ูุธููุฉ ูุงููุณุจุญ ูุตุฎ ุฌุฏูุง ููู ุฃูู ูุง ุชุฏุฎูู ุฑูุญุฉ ุชูุชู ,negative,deceptive
[20-30),Female,Aber Al Takhassusi ,,2,ููุฏู ูุณุฑู ูููุณ ุงูุนููุงุก ุบุฑู ุตุบูุฑุฉ ููุธุงูุฉ ูุนุฏููุฉ ุนูู ุฃุณุนุงุฑ ุบุงููุฉ,negative,deceptive
[20-30),Female,olian,,1,ูุง ุฃูุตุญ ุจุงูููุฏูุ ูุณุชุญูู ุชุญุตู ูููู ูุฃู ุงูููุงูู ููููุฉ ุฌุฏูุงุ ูุงูุบุฑู ุชุญุชุงุฌ ุฅูู ูุฒูุฏ ูู ุงูุงูุชูุงู ุฎุงุตุฉ ุฏูุฑุงุช ุงูููุงูุ ูุงูุฃุณูุฃ ูู ููุธู ุงูุงุณุชูุจุงู ุงูู ูุจูู ุชุณูุช ุจุณ :),negative,deceptive
[20-30),Female,Braira,,2,ุชุฃุฎููุฑ ูุจุทุฆ ูุณุชุบุฑุจ ูู ุงูููุธูููู ูุง ููุฌุฏ ุงุญุชุฑุงููู ,negative,deceptive
[20-30),Female,fourseasons,,1,ุงูููุฏู ุฃุณูุฃ ููุฏู ุฌุฑุจุชู ุจุญูุงุชู ุงููุงู ุฎุฏูู ุงูุบุฑู ูุชุฃุฎุฑูู ุจุดูู ุนุฌูุจ ุงูุนุฏ ุงูุชุธุฑูู ููู ูุต ุณุงุนู ููู ูุณุชุฌูุจูู ุซุงููุง ุงูููุฏู ุบูุฑ ูุชุนุงูู ูู ูุงุญูุฉ ุชุบููุฑุชุงุฑูุฎ ุงูุญุฌุฒ ุซุงูุซุง ุนุฏู ุชููุฑ ุงุฏูุงุช ูููุธุงูู ุงูุดุฎุตูุฉ ูุนุฌูู ุงุณูุงู ุงู ูุฑุดุงู ุงุณูุงู ุงู ุดุงูุจู ูุง ุงูุตุญ ุจู,negative,deceptive
[20-30),Female,Braira,,1,ูุฏูุช ูุฏู ุดุฏูุฏ ุนูู ุงูุงูุชู ูู ูุฐุง ุงูููุฏู ูุง ููุฌุฏ ูุฏูุก ูุงูุชุตุฑูู ูุถูุน ุชุชุฌูุน ุงูููุงู  ูููุฌุฏ ุตูุช ูุฒุนุฌ ูู ุงูุญูุงู ูุชูุงุตูุช ูุนูู ููุง ููุฌุฏ ุชุฌุงูุจ ,negative,deceptive
[20-30),Female,Gloria Inn ,,1,ุณุงุนุฉ ุงุฏู ุนูู ุงูุงุณุชูุจุงู ููุง ูุฑุฏูู ูุจุงูููุงูุฉ ุนุฐุฑูู ุฒุญูุฉ!! ุฎุณุฑุชููู ูุฒุจููุฉ ููุฐู ุงุฎุฑ ูุฑู ุงุญุฌุฒ ุนูุฏูู ุณูุฆูู,negative,deceptive
[20-30),Female,fourseasons,,2,ุงูุงุณุชูุจุงู ุฏุงูู ุฒุญูุฉ ููุญุชุงุฌ ุชูุชุธุฑ ูุซูุฑ ููู ูุชู ุฎุฏูุชู ุฃุฒุนุฌูู ุนุฏู ูุฌูุฏ ูููุฉ ุญุงุฑุฉ ุจุงูุบุฑูุฉ ูููุง ุฌุช ุงูุตูุงูุฉ ูุง ุณููุง ุดูุก ููุง ุจุฏููุง ุงูุบุฑูุฉ ุฎุฏูุฉ ุณูุฆุฉ ูุนููุง,negative,deceptive
[20-30),Female,Jareed,,2,ุงูุบุฑูู ูุงูุช ูุงุฑุซูู ุงูู ุดู ุฏูุฑุงุช ุงูููุงู ูุงู ูููุง ุฑุงุฆุญู ูููู ูุฏูุน ุงููุงุก ูููุง ุถุนูู ุซุงููุง ุดู ุงูุบุฑูู ูุงูููู ุงุบูุงู ุงูุณุชุงูุฑ ูููุง ุจุดูู ูุงูู ูุงุฎูุฑุง ุงูุนูุงุฒู ูุงูุงูุช ูููู ุชุฌุฑุจู ุบูุฑ ููููู ูุน ุงูุงุณู ,negative,deceptive
[20-30),Female,Aber Al Takhassusi ,,1,ุงูููุฏู ูุชููู  ูุณุงุญู ุงูุบุฑูู ุตุบูุฑู ูุถููู ุนูุณ ุงูุตูุฑ ูุงุฒุนุงุฌ ูู ุทุจูุนู,negative,deceptive
[20-30),Female,fourseasons,,1,ุงูููุธูููู ูุง ุงุณููุจ ููุง ุชุนุงูู ุฎุตูุตุง ุงููู ุจุงูููุจู ูุฑุฆูุณูู ุงูููุจููู ุณูุฆ ูุงุณููุจู ููู ุงุณุชูุจุงุฑ ุงูุฎุฏูู ุงูู ูู ูุณุชูู ููุฏู ุฎูุณ ูุฌูู,negative,deceptive
